<?xml version="1.0" encoding="UTF-8"?>
<!DOCTYPE mapper
	PUBLIC "-//mybatis.org//DTD Mapper 3.0//EN"
	"http://mybatis.org/dtd/mybatis-3-mapper.dtd">

<mapper namespace="sym.s201702.mapper.ReviewContentMapper">

	<insert id="create">
	insert into review_content(rvc_rv_num, rvc_content)
	values (#{rvc_rv_num}, #{rvc_content})
	</insert>
	
	<select id="read" resultType="ReviewContentVO">
	select *
	from review_content 
	where rvc_rv_num = #{rv_num}
	</select>
	
	<update id="update">
	update review_content set rvc_content = #{rvc_content}
	where rvc_rv_num = #{rv_num}
	</update>
	
	<delete id="delete">
	delete from review_content 
	where rvc_rv_num = #{rv_num}
	</delete>
</mapper>