<?xml version="1.0" encoding="UTF-8"?>
<beans:beans xmlns="http://www.springframework.org/schema/mvc"
	xmlns:xsi="http://www.w3.org/2001/XMLSchema-instance"
	xmlns:beans="http://www.springframework.org/schema/beans"
	xmlns:context="http://www.springframework.org/schema/context"
	xsi:schemaLocation="http://www.springframework.org/schema/mvc http://www.springframework.org/schema/mvc/spring-mvc.xsd
		http://www.springframework.org/schema/beans http://www.springframework.org/schema/beans/spring-beans.xsd
		http://www.springframework.org/schema/context http://www.springframework.org/schema/context/spring-context.xsd">

	<!-- DispatcherServlet Context: defines this servlet's request-processing infrastructure -->
	
	<!-- Enables the Spring MVC @Controller programming model -->
	<annotation-driven />

	<!-- Handles HTTP GET requests for /resources/** by efficiently serving up static resources in the ${webappRoot}/resources directory -->
	<resources mapping="/resources/**" location="/resources/" />

	<!-- Resolves views selected for rendering by @Controllers to .jsp resources in the /WEB-INF/views directory -->
	<beans:bean class="org.springframework.web.servlet.view.InternalResourceViewResolver">
		<beans:property name="prefix" value="/WEB-INF/views/" />
		<beans:property name="suffix" value=".jsp" />
	</beans:bean>
	
	<context:component-scan base-package="sym.s201702.controller" />
	
	<!-- 로그인 처리를 위한 Interceptor 설정 -->
	<beans:bean id="authInterceptor" class="sym.s201702.interceptor.AuthInterceptor"></beans:bean>
	<beans:bean id="loginInterceptor" class="sym.s201702.interceptor.LoginInterceptor"></beans:bean>
	<beans:bean id="logoutInterceptor" class="sym.s201702.interceptor.LogoutInterceptor"></beans:bean>
	
	<interceptors>
		<interceptor>
			<mapping path="/user/loginPost"/>
			<beans:ref bean="loginInterceptor"/>
		</interceptor>
		<interceptor>
			<mapping path="/review/write"/>
			<mapping path="/myPage"/>
			<beans:ref bean="authInterceptor"/>
		</interceptor>
		<interceptor>
			<mapping path="/user/logout"/>
			<beans:ref bean="logoutInterceptor"/>
		</interceptor>
	</interceptors>
	
</beans:beans>
