<?xml version="1.0" encoding="UTF-8"?>
<!DOCTYPE mapper
	PUBLIC "-//mybatis.org//DTD Mapper 3.0//EN"
	"http://mybatis.org/dtd/mybatis-3-mapper.dtd">

<mapper namespace="sym.s201702.mapper.MemberMapper">

	<select id="getTime" resultType="string">
	select SYSDATE from dual
	</select>
	
	<select id="selectById" resultType="MemberVO">
	select *
	from tbl_member
	where m_id = #{m_id}
	</select>
	
	<insert id="insert">
	insert into tbl_member (m_id, m_pw, m_birth, m_gender, m_email, m_phone, m_regdate)
	values(#{m_id}, #{m_pw}, #{m_birth}, #{m_gender}, #{m_email}, #{m_phone}, SYSDATE)
	</insert>
	
	<select id="login" resultType="UserVO">
	select m_id, m_email, m_phone
	from tbl_member
	where m_id = #{m_id}
	and m_pw = #{m_pw}
	</select>
	
	<update id="update">
	update tbl_member 
	set m_pw = #{m_pw}, m_email = #{m_email}, m_phone = #{m_phone} where m_id = #{m_id}
	</update>
	
	<delete id="delete">
	DELETE FROM tbl_member 
	WHERE m_id = #{m_id}
	</delete>
</mapper>