<?xml version="1.0" encoding="UTF-8"?>
<!DOCTYPE mapper
	PUBLIC "-//mybatis.org//DTD Mapper 3.0//EN"
	"http://mybatis.org/dtd/mybatis-3-mapper.dtd">
	
<mapper namespace="sym.s201702.mapper.ReplyMapper">

	<select id="list" resultType="ReplyVO">
	<![CDATA[
	select * from (
	select rownum as rnum, A.* from (
	select rr.* from review_reply rr, review rv 
	where rr.rp_rv_num=rv.rv_num and rr.rp_rv_num = #{rp_rv_num}
	order by rp_num) A 
	where rownum <= (#{pageStart}+#{perPageNum})) 
	where rnum > #{pageStart}
	]]>
	</select>
	
	<select id="count" resultType="int">
	select count(rp_rv_num)
	from review_reply 
	where rp_rv_num = #{rp_rv_num}
	</select>
	
	<insert id="create">
	insert into review_reply (rp_num, rp_rv_num, rp_m_id, rp_regdate, rp_content)
	values (review_reply_sequence.nextval, #{rp_rv_num}, #{rp_m_id}, SYSDATE, #{rp_content})
	</insert>
	
	<update id="update">
	update review_reply 
	set rp_content = #{rp_content} 
	where rp_num = #{rp_num}
	</update>
	
	<delete id="delete">
	delete from review_reply
	where rp_num = #{rp_num}
	</delete>
</mapper>