<?xml version="1.0" encoding="UTF-8"?>
<!DOCTYPE mapper
	PUBLIC "-//mybatis.org//DTD Mapper 3.0//EN"
	"http://mybatis.org/dtd/mybatis-3-mapper.dtd">

<mapper namespace="sym.s201702.mapper.ReviewMapper">

	<insert id="create">
	insert into review(rv_num, rv_mv_num, rv_m_id, rv_regdate, rv_title, rv_readcnt)
	values (review_sequence.nextval, #{mv_num}, #{rv_m_id}, SYSDATE, #{rv_title}, 0)
	</insert>
	
	<select id="presentRv_num" resultType="int">
	select max(rv_num) rvc_rv_num
	from review
	</select>
	
	<select id="listCriteria" resultType="ReviewVO">
	<![CDATA[
	select * from (
	select rownum as rnum, A.* from (
	select * from review order by rv_num desc, rv_regdate desc) A 
	where rownum <= (#{pageStart}+#{perPageNum}))
	where rnum > #{pageStart}
	]]>
	</select>
	
	<select id="countPaging" resultType="int">
	<![CDATA[
	select count(rv_num)
	from review
	where rv_num > 0
	]]>
	</select>
	
	<select id="read" resultType="ReviewVO">
	<![CDATA[
	SELECT rv.*, mv.mv_title
	FROM review rv
	INNER JOIN movie_info mv
	ON (rv.rv_mv_num=mv.mv_num )
	WHERE rv.rv_num = #{rv_num}
	]]>
	</select>
	
	<update id="update">
	update review set rv_title = #{rv_title}
	where rv_num = #{rv_num}
	</update>
	
	<delete id="delete">
	delete from review
	where rv_num = #{rv_num}
	</delete>
	
	<sql id="search">
		<if test="searchType != null">
			<if test="searchType == 'total'.toString()">
				and (rv_title like '%#{keyword}%' OR rvc_content like '%#{keyword}%')
			</if>
			<if test="searchType == 'mv_title'.toString()">
				and mv_title like '%#{keyword}%'
			</if>
			<if test="searchType == 'rv_title'.toString()">
				and rv_title like '%#{keyword}%'
			</if>
			<if test="searchType == 'rv_m_id'.toString()">
				and rv_m_id like '%#{keyword}%'
			</if>
		</if>
	</sql>
	
	<select id="listSearch" resultType="ReviewVO">
	<![CDATA[
	SELECT * FROM ( 
	SELECT ROWNUM AS rnum, A.* FROM (
	select rv.*, rvc.*, mv.mv_title 
	from review rv, review_content rvc, Movie_info mv 
	where rv.rv_num = rvc.rvc_rv_num and rv.rv_mv_num = mv.mv_num
	]]>
	
	<include refid="search"></include>
	
	<![CDATA[
	order by rv_num desc, rv_regdate desc) A 
	where rownum <= (#{pageStart}+#{perPageNum}))
	where rnum > #{pageStart}
	]]>
	</select>
	
	<select id="listSearchCount" resultType="int">
	<![CDATA[
	SELECT count(rv_num)
	FROM review rv, review_content rvc
	WHERE rv.rv_num = rvc.rvc_rv_num
	]]>
	<include refid="search"></include>
	</select>
</mapper>